clip,mode,frame_index,source_time_s,visual_score,inference_ms,valid,error,boxes,frame_save_error,decision,duration_s,positive,reason,result_age_s
flame.mp4,realtime,0,0.0,0.004619598388671875,541.1293749930337,True,,"[[1254.375, 663.4374904632568, 1279.375, 719.0625143051147, 0.004619598388671875], [997.1875, 284.5312428474426, 1135.3125, 427.96876430511475, 0.00460052490234375], [0.15625, 60.781248807907104, 239.21875, 641.7187643051147, 0.001651763916015625]]",,No_Alert,0.0,False,below_threshold,0.6673333333333333
flame.mp4,realtime,15,0.5005000000000001,0.060821533203125,321.9600000884384,True,,"[[1021.25, 289.2187571525574, 1133.75, 422.0312547683716, 0.060821533203125]]",,No_Alert,0.0,True,building_streak,0.8008000000000001
flame.mp4,realtime,30,1.0010000000000001,0.004913330078125,355.7014169637114,True,,"[[879.6875, 416.25, 1035.3125, 480.00001430511475, 0.004913330078125], [0.0, 0.0, 184.0625, 539.8437452316284, 0.0017652511596679688], [1225.625, 708.75, 1248.125, 720.0, 0.0011186599731445312]]",,No_Alert,0.0,False,below_threshold,0.9342666666666666
flame.mp4,realtime,45,1.5015,0.0012044906616210938,351.3148749480024,True,,"[[500.15625, 311.2499928474426, 658.59375, 476.24998569488525, 0.0012044906616210938], [1251.25, 655.9375190734863, 1280.0, 719.0625143051147, 0.0010223388671875]]",,No_Alert,0.0,False,below_threshold,0.8008000000000002
flame.mp4,realtime,60,2.0020000000000002,0.0,490.7085000304505,True,,[],,No_Alert,0.0,False,below_threshold,0.8341666666666665
flame.mp4,realtime,75,2.5025,0.0181884765625,451.71779103111476,True,,"[[936.25, 612.8124904632568, 1072.5, 720.0, 0.0181884765625], [65.3125, 483.1249809265137, 276.875, 630.6250190734863, 0.0034637451171875], [930.0, 327.65625, 1137.5, 434.84375953674316, 0.0014801025390625]]",,No_Alert,0.0,False,below_threshold,0.834166666666667
flame.mp4,realtime,90,3.003,0.09344482421875,417.0283330604434,True,,"[[965.9375, 286.4062571525574, 1171.5625, 427.3437452316284, 0.09344482421875]]",,No_Alert,0.0,True,building_streak,0.8341666666666665
flame.mp4,realtime,105,3.5035000000000003,0.19677734375,297.107084072195,True,,"[[963.4375, 288.28125, 1149.0625, 426.7187690734863, 0.19677734375]]",,No_Alert,0.5005000000000002,True,building_streak,0.6673333333333331
flame.mp4,realtime,120,4.0040000000000004,0.08935546875,281.348624965176,True,,"[[1042.8125, 366.8749952316284, 1164.6875, 425.62498569488525, 0.08935546875]]",,Alert,1.0010000000000003,True,persistence_met,0.46713333333333296
flame.mp4,realtime,135,4.5045,0.00508880615234375,272.20725000370294,True,,"[[1057.5, 390.62499046325684, 1131.25, 425.62498569488525, 0.00508880615234375]]",,No_Alert,0.0,False,below_threshold,0.3003
flame.mp4,realtime,150,5.005,0.0025463104248046875,294.0170409856364,True,,"[[1061.5625, 422.18750953674316, 1175.9375, 482.81251430511475, 0.0025463104248046875]]",,No_Alert,0.0,False,below_threshold,0.3336666666666668
flame.mp4,realtime,165,5.5055000000000005,0.2259521484375,318.45629191957414,True,,"[[884.375, 406.5625047683716, 948.125, 490.9375047683716, 0.2259521484375], [1034.6875, 293.59374046325684, 1140.3125, 428.90625, 0.0110015869140625]]",,No_Alert,0.0,True,building_streak,0.36703333333333266
flame.mp4,realtime,180,6.006,0.0,2099.817542009987,True,,[],,No_Alert,0.0,False,below_threshold,1.5348666666666668
flame.mp4,realtime,225,7.5075,0.0,4911.214541061781,True,,[],,No_Alert,0.0,False,below_threshold,3.9706333333333337
flame.mp4,realtime,330,11.011000000000001,0.0013904571533203125,3051.630959031172,True,,"[[783.4375, 270.9375071525574, 1181.5625, 509.0625, 0.0013904571533203125]]",,No_Alert,0.0,False,below_threshold,3.7036999999999995
flame.mp4,realtime,435,14.5145,0.051483154296875,2514.266249956563,True,,"[[928.75, 351.0937571525574, 1052.5, 436.40626430511475, 0.051483154296875], [1164.6875, 399.68750953674316, 1200.3125, 432.81249046325684, 0.003475189208984375]]",,No_Alert,0.0,True,gap_reset,2.9696333333333325
flame.mp4,realtime,510,17.017,0.0304718017578125,1336.5829589311033,True,,"[[1261.25, 670.3124856948853, 1280.0, 719.6874904632568, 0.0304718017578125]]",,No_Alert,0.0,True,gap_reset,2.135466666666666
flame.mp4,realtime,570,19.019000000000002,0.004970550537109375,1945.4940420109779,True,,"[[998.4375, 286.56249046325684, 1201.5625, 435.9375, 0.004970550537109375]]",,No_Alert,0.0,False,below_threshold,2.3690333333333307
flame.mp4,realtime,630,21.021,0.069091796875,1098.2592910295352,True,,"[[898.75, 313.1250071525574, 1051.25, 433.125, 0.069091796875]]",,No_Alert,0.0,True,gap_reset,0.4004000000000012
