clip,mode,frame_index,source_time_s,visual_score,inference_ms,valid,error,decision,duration_s,boxes,frame_path,frame_save_error
flame.mp4,offline,0,0.0,0.004619598388671875,261.2140839919448,True,,No_Alert,0.0,"[[1254.375, 663.4374904632568, 1279.375, 719.0625143051147, 0.004619598388671875], [997.1875, 284.5312428474426, 1135.3125, 427.96876430511475, 0.00460052490234375], [0.15625, 60.781248807907104, 239.21875, 641.7187643051147, 0.001651763916015625]]",/Users/jackson/Documents/Hackathon2026.1/FireWatch-AI-hackathon-2026-/captured_frames/flame/offline/frame_000000_0.000s.jpg,
flame.mp4,offline,15,0.5005000000000001,0.060821533203125,250.04874996375293,True,,No_Alert,0.0,"[[1021.25, 289.2187571525574, 1133.75, 422.0312547683716, 0.060821533203125]]",/Users/jackson/Documents/Hackathon2026.1/FireWatch-AI-hackathon-2026-/captured_frames/flame/offline/frame_000015_0.501s.jpg,
flame.mp4,offline,30,1.0010000000000001,0.004913330078125,209.71533295232803,True,,No_Alert,0.0,"[[879.6875, 416.25, 1035.3125, 480.00001430511475, 0.004913330078125], [0.0, 0.0, 184.0625, 539.8437452316284, 0.0017652511596679688], [1225.625, 708.75, 1248.125, 720.0, 0.0011186599731445312]]",/Users/jackson/Documents/Hackathon2026.1/FireWatch-AI-hackathon-2026-/captured_frames/flame/offline/frame_000030_1.001s.jpg,
flame.mp4,offline,45,1.5015,0.0012044906616210938,188.21966706309468,True,,No_Alert,0.0,"[[500.15625, 311.2499928474426, 658.59375, 476.24998569488525, 0.0012044906616210938], [1251.25, 655.9375190734863, 1280.0, 719.0625143051147, 0.0010223388671875]]",/Users/jackson/Documents/Hackathon2026.1/FireWatch-AI-hackathon-2026-/captured_frames/flame/offline/frame_000045_1.502s.jpg,
flame.mp4,offline,60,2.0020000000000002,0.0,214.90645804442465,True,,No_Alert,0.0,[],/Users/jackson/Documents/Hackathon2026.1/FireWatch-AI-hackathon-2026-/captured_frames/flame/offline/frame_000060_2.002s.jpg,
flame.mp4,offline,75,2.5025,0.0181884765625,214.63979198597372,True,,No_Alert,0.0,"[[936.25, 612.8124904632568, 1072.5, 720.0, 0.0181884765625], [65.3125, 483.1249809265137, 276.875, 630.6250190734863, 0.0034637451171875], [930.0, 327.65625, 1137.5, 434.84375953674316, 0.0014801025390625]]",/Users/jackson/Documents/Hackathon2026.1/FireWatch-AI-hackathon-2026-/captured_frames/flame/offline/frame_000075_2.502s.jpg,
flame.mp4,offline,90,3.003,0.09344482421875,258.76833393704146,True,,No_Alert,0.0,"[[965.9375, 286.4062571525574, 1171.5625, 427.3437452316284, 0.09344482421875]]",/Users/jackson/Documents/Hackathon2026.1/FireWatch-AI-hackathon-2026-/captured_frames/flame/offline/frame_000090_3.003s.jpg,
flame.mp4,offline,105,3.5035000000000003,0.19677734375,244.4356669439003,True,,No_Alert,0.5005000000000002,"[[963.4375, 288.28125, 1149.0625, 426.7187690734863, 0.19677734375]]",/Users/jackson/Documents/Hackathon2026.1/FireWatch-AI-hackathon-2026-/captured_frames/flame/offline/frame_000105_3.504s.jpg,
flame.mp4,offline,120,4.0040000000000004,0.08935546875,231.61129094660282,True,,Alert,1.0010000000000003,"[[1042.8125, 366.8749952316284, 1164.6875, 425.62498569488525, 0.08935546875]]",/Users/jackson/Documents/Hackathon2026.1/FireWatch-AI-hackathon-2026-/captured_frames/flame/offline/frame_000120_4.004s.jpg,
flame.mp4,offline,135,4.5045,0.00508880615234375,211.39516599942,True,,No_Alert,0.0,"[[1057.5, 390.62499046325684, 1131.25, 425.62498569488525, 0.00508880615234375]]",/Users/jackson/Documents/Hackathon2026.1/FireWatch-AI-hackathon-2026-/captured_frames/flame/offline/frame_000135_4.505s.jpg,
flame.mp4,offline,150,5.005,0.0025463104248046875,220.27862491086125,True,,No_Alert,0.0,"[[1061.5625, 422.18750953674316, 1175.9375, 482.81251430511475, 0.0025463104248046875]]",/Users/jackson/Documents/Hackathon2026.1/FireWatch-AI-hackathon-2026-/captured_frames/flame/offline/frame_000150_5.005s.jpg,
flame.mp4,offline,165,5.5055000000000005,0.2259521484375,322.0981250051409,True,,No_Alert,0.0,"[[884.375, 406.5625047683716, 948.125, 490.9375047683716, 0.2259521484375], [1034.6875, 293.59374046325684, 1140.3125, 428.90625, 0.0110015869140625]]",/Users/jackson/Documents/Hackathon2026.1/FireWatch-AI-hackathon-2026-/captured_frames/flame/offline/frame_000165_5.506s.jpg,
flame.mp4,offline,180,6.006,0.0,364.69316703733057,True,,No_Alert,0.0,[],/Users/jackson/Documents/Hackathon2026.1/FireWatch-AI-hackathon-2026-/captured_frames/flame/offline/frame_000180_6.006s.jpg,
flame.mp4,offline,195,6.5065,0.0023746490478515625,394.12037492729723,True,,No_Alert,0.0,"[[1034.6875, 290.6250071525574, 1162.8125, 423.1249952316284, 0.0023746490478515625]]",/Users/jackson/Documents/Hackathon2026.1/FireWatch-AI-hackathon-2026-/captured_frames/flame/offline/frame_000195_6.506s.jpg,
flame.mp4,offline,210,7.007000000000001,0.0025959014892578125,546.0186249110848,True,,No_Alert,0.0,"[[1094.375, 340.9374976158142, 1163.125, 424.0624809265137, 0.0025959014892578125]]",/Users/jackson/Documents/Hackathon2026.1/FireWatch-AI-hackathon-2026-/captured_frames/flame/offline/frame_000210_7.007s.jpg,
flame.mp4,offline,225,7.5075,0.0,1660.9333340311423,True,,No_Alert,0.0,[],/Users/jackson/Documents/Hackathon2026.1/FireWatch-AI-hackathon-2026-/captured_frames/flame/offline/frame_000225_7.508s.jpg,
flame.mp4,offline,240,8.008000000000001,0.01824951171875,1271.2964171078056,True,,No_Alert,0.0,"[[981.25, 354.2187452316284, 1162.5, 428.2812309265137, 0.01824951171875]]",/Users/jackson/Documents/Hackathon2026.1/FireWatch-AI-hackathon-2026-/captured_frames/flame/offline/frame_000240_8.008s.jpg,
flame.mp4,offline,255,8.5085,0.0172576904296875,758.1642080331221,True,,No_Alert,0.0,"[[963.4375, 347.5000047683716, 1134.0625, 426.2500047683716, 0.0172576904296875]]",/Users/jackson/Documents/Hackathon2026.1/FireWatch-AI-hackathon-2026-/captured_frames/flame/offline/frame_000255_8.508s.jpg,
flame.mp4,offline,270,9.009,0.00576019287109375,779.0971669601277,True,,No_Alert,0.0,"[[1022.8125, 349.2187428474426, 1127.1875, 423.28125, 0.00576019287109375]]",/Users/jackson/Documents/Hackathon2026.1/FireWatch-AI-hackathon-2026-/captured_frames/flame/offline/frame_000270_9.009s.jpg,
flame.mp4,offline,285,9.509500000000001,0.0,538.9695839257911,True,,No_Alert,0.0,[],/Users/jackson/Documents/Hackathon2026.1/FireWatch-AI-hackathon-2026-/captured_frames/flame/offline/frame_000285_9.510s.jpg,
flame.mp4,offline,300,10.01,0.035430908203125,659.051000024192,True,,No_Alert,0.0,"[[1020.9375, 367.50001430511475, 1089.0625, 431.24998569488525, 0.035430908203125]]",/Users/jackson/Documents/Hackathon2026.1/FireWatch-AI-hackathon-2026-/captured_frames/flame/offline/frame_000300_10.010s.jpg,
flame.mp4,offline,315,10.5105,0.004062652587890625,522.5300000747666,True,,No_Alert,0.0,"[[1024.0625, 401.5624809265137, 1103.4375, 433.43750953674316, 0.004062652587890625], [1252.5, 685.0000047683716, 1273.75, 720.0, 0.0012521743774414062]]",/Users/jackson/Documents/Hackathon2026.1/FireWatch-AI-hackathon-2026-/captured_frames/flame/offline/frame_000315_10.511s.jpg,
flame.mp4,offline,330,11.011000000000001,0.0013904571533203125,402.39366702735424,True,,No_Alert,0.0,"[[783.4375, 270.9375071525574, 1181.5625, 509.0625, 0.0013904571533203125]]",/Users/jackson/Documents/Hackathon2026.1/FireWatch-AI-hackathon-2026-/captured_frames/flame/offline/frame_000330_11.011s.jpg,
flame.mp4,offline,345,11.5115,0.0028839111328125,466.64270805194974,True,,No_Alert,0.0,"[[802.1875, 287.4999976158142, 945.3125, 511.2499809265137, 0.0028839111328125]]",/Users/jackson/Documents/Hackathon2026.1/FireWatch-AI-hackathon-2026-/captured_frames/flame/offline/frame_000345_11.511s.jpg,
flame.mp4,offline,360,12.012,0.00634765625,360.05137499887496,True,,No_Alert,0.0,"[[1238.75, 371.56250953674316, 1280.0, 433.43750953674316, 0.00634765625], [1253.125, 697.8125095367432, 1278.125, 719.6874904632568, 0.002429962158203125], [837.8125, 413.4375, 882.1875, 456.56248569488525, 0.0011587142944335938]]",/Users/jackson/Documents/Hackathon2026.1/FireWatch-AI-hackathon-2026-/captured_frames/flame/offline/frame_000360_12.012s.jpg,
flame.mp4,offline,375,12.512500000000001,0.005069732666015625,366.0059169633314,True,,No_Alert,0.0,"[[1250.3125, 675.9374856948853, 1279.6875, 719.0625143051147, 0.005069732666015625], [1007.5, 292.6562547683716, 1130.0, 436.0937547683716, 0.0033054351806640625]]",/Users/jackson/Documents/Hackathon2026.1/FireWatch-AI-hackathon-2026-/captured_frames/flame/offline/frame_000375_12.513s.jpg,
flame.mp4,offline,390,13.013,0.0016393661499023438,371.97974999435246,True,,No_Alert,0.0,"[[1252.5, 689.6875190734863, 1278.75, 720.0, 0.0016393661499023438]]",/Users/jackson/Documents/Hackathon2026.1/FireWatch-AI-hackathon-2026-/captured_frames/flame/offline/frame_000390_13.013s.jpg,
flame.mp4,offline,405,13.5135,0.0,434.6884590340778,True,,No_Alert,0.0,[],/Users/jackson/Documents/Hackathon2026.1/FireWatch-AI-hackathon-2026-/captured_frames/flame/offline/frame_000405_13.514s.jpg,
flame.mp4,offline,420,14.014000000000001,0.002849578857421875,395.3701249556616,True,,No_Alert,0.0,"[[737.5, 192.34374046325684, 935.0, 521.4062404632568, 0.002849578857421875], [0.46875, 695.0000095367432, 23.9453125, 720.0, 0.00153350830078125]]",/Users/jackson/Documents/Hackathon2026.1/FireWatch-AI-hackathon-2026-/captured_frames/flame/offline/frame_000420_14.014s.jpg,
flame.mp4,offline,435,14.5145,0.051483154296875,367.0762910041958,True,,No_Alert,0.0,"[[928.75, 351.0937571525574, 1052.5, 436.40626430511475, 0.051483154296875], [1164.6875, 399.68750953674316, 1200.3125, 432.81249046325684, 0.003475189208984375]]",/Users/jackson/Documents/Hackathon2026.1/FireWatch-AI-hackathon-2026-/captured_frames/flame/offline/frame_000435_14.514s.jpg,
flame.mp4,offline,450,15.015,0.00449371337890625,320.5602910602465,True,,No_Alert,0.0,"[[1061.875, 419.99998569488525, 1096.875, 435.00001430511475, 0.00449371337890625], [0.0, 697.5, 23.8671875, 720.0, 0.00447845458984375]]",/Users/jackson/Documents/Hackathon2026.1/FireWatch-AI-hackathon-2026-/captured_frames/flame/offline/frame_000450_15.015s.jpg,
flame.mp4,offline,465,15.5155,0.01221466064453125,366.10795895103365,True,,No_Alert,0.0,"[[960.0, 397.1875190734863, 1098.75, 437.81251430511475, 0.01221466064453125], [0.0, 306.87500953674316, 54.53125, 374.99998569488525, 0.0012769699096679688], [0.01953125, 692.5000190734863, 23.2421875, 720.0, 0.0011234283447265625]]",/Users/jackson/Documents/Hackathon2026.1/FireWatch-AI-hackathon-2026-/captured_frames/flame/offline/frame_000465_15.515s.jpg,
flame.mp4,offline,480,16.016000000000002,0.002063751220703125,431.2156660016626,True,,No_Alert,0.0,"[[1042.1875, 381.8749809265137, 1077.8125, 411.8749952316284, 0.002063751220703125]]",/Users/jackson/Documents/Hackathon2026.1/FireWatch-AI-hackathon-2026-/captured_frames/flame/offline/frame_000480_16.016s.jpg,
flame.mp4,offline,495,16.5165,0.084228515625,608.2892920821905,True,,No_Alert,0.0,"[[1059.6875, 338.4375071525574, 1110.3125, 429.0625047683716, 0.084228515625], [1247.8125, 665.3125047683716, 1279.6875, 719.6874904632568, 0.00478363037109375]]",/Users/jackson/Documents/Hackathon2026.1/FireWatch-AI-hackathon-2026-/captured_frames/flame/offline/frame_000495_16.517s.jpg,
flame.mp4,offline,510,17.017,0.0304718017578125,2648.2869159663096,True,,No_Alert,0.5004999999999988,"[[1261.25, 670.3124856948853, 1280.0, 719.6874904632568, 0.0304718017578125]]",/Users/jackson/Documents/Hackathon2026.1/FireWatch-AI-hackathon-2026-/captured_frames/flame/offline/frame_000510_17.017s.jpg,
flame.mp4,offline,525,17.517500000000002,0.0,664.346499950625,True,,No_Alert,0.0,[],/Users/jackson/Documents/Hackathon2026.1/FireWatch-AI-hackathon-2026-/captured_frames/flame/offline/frame_000525_17.518s.jpg,
flame.mp4,offline,540,18.018,0.0033702850341796875,919.4818750256673,True,,No_Alert,0.0,"[[1048.4375, 291.7187476158142, 1159.0625, 435.7812452316284, 0.0033702850341796875], [1250.0, 388.7500190734863, 1280.0, 436.25000953674316, 0.0010499954223632812]]",/Users/jackson/Documents/Hackathon2026.1/FireWatch-AI-hackathon-2026-/captured_frames/flame/offline/frame_000540_18.018s.jpg,
flame.mp4,offline,555,18.5185,0.003559112548828125,1488.2223330205306,True,,No_Alert,0.0,"[[1021.5625, 288.4375047683716, 1200.9375, 436.5625190734863, 0.003559112548828125]]",/Users/jackson/Documents/Hackathon2026.1/FireWatch-AI-hackathon-2026-/captured_frames/flame/offline/frame_000555_18.518s.jpg,
flame.mp4,offline,570,19.019000000000002,0.004970550537109375,1144.2947089672089,True,,No_Alert,0.0,"[[998.4375, 286.56249046325684, 1201.5625, 435.9375, 0.004970550537109375]]",/Users/jackson/Documents/Hackathon2026.1/FireWatch-AI-hackathon-2026-/captured_frames/flame/offline/frame_000570_19.019s.jpg,
flame.mp4,offline,585,19.5195,0.026336669921875,2033.3530410425738,True,,No_Alert,0.0,"[[955.0, 394.06250953674316, 1052.5, 435.9375, 0.026336669921875]]",/Users/jackson/Documents/Hackathon2026.1/FireWatch-AI-hackathon-2026-/captured_frames/flame/offline/frame_000585_19.520s.jpg,
flame.mp4,offline,600,20.02,0.0042877197265625,1222.986749955453,True,,No_Alert,0.0,"[[1045.0, 289.8437547683716, 1200.0, 436.40626430511475, 0.0042877197265625], [1257.8125, 437.1874952316284, 1279.6875, 602.8124856948853, 0.00261688232421875]]",/Users/jackson/Documents/Hackathon2026.1/FireWatch-AI-hackathon-2026-/captured_frames/flame/offline/frame_000600_20.020s.jpg,
flame.mp4,offline,615,20.520500000000002,0.0087890625,590.1304169092327,True,,No_Alert,0.0,"[[941.25, 288.28125, 1130.0, 436.7187309265137, 0.0087890625]]",/Users/jackson/Documents/Hackathon2026.1/FireWatch-AI-hackathon-2026-/captured_frames/flame/offline/frame_000615_20.521s.jpg,
flame.mp4,offline,630,21.021,0.069091796875,404.77154089603573,True,,No_Alert,0.0,"[[898.75, 313.1250071525574, 1051.25, 433.125, 0.069091796875]]",/Users/jackson/Documents/Hackathon2026.1/FireWatch-AI-hackathon-2026-/captured_frames/flame/offline/frame_000630_21.021s.jpg,
