clip_id,frame_index,sample_time_s,source_time_s,visual_score,boxes,target_box,target_iou,inference_ms,valid,error,baseline_alert,alert_event_baseline,temporal_alert,alert_event_temporal,state,reason,window_samples,positive_samples
smoke.mp4,0,0.0,0.0,0.0,[],"[1844, 1164, 2176, 1532]",0.0,233.7,True,,False,False,False,False,Monitoring,No alert under current rule.,1,0
smoke.mp4,12,0.5,0.5,0.0,[],"[1846, 1162, 2176, 1532]",0.0,168.3,True,,False,False,False,False,Monitoring,No alert under current rule.,2,0
smoke.mp4,24,1.0,1.001,0.0,[],"[1846, 1159, 2178, 1534]",0.0,157.7,True,,False,False,False,False,Monitoring,No alert under current rule.,3,0
smoke.mp4,36,1.5,1.501,0.0,[],"[1847, 1153, 2179, 1533]",0.0,143.9,True,,False,False,False,False,Monitoring,No alert under current rule.,4,0
smoke.mp4,48,2.0,2.002,0.0,[],"[1845, 1146, 2181, 1532]",0.0,145.3,True,,False,False,False,False,Monitoring,No alert under current rule.,5,0
smoke.mp4,60,2.5,2.502,0.02239990234375,"[[944.5, 65.6, 2475.5, 1666.9, 0.0224]]","[1844, 1141, 2182, 1532]",0.054,143.9,True,,False,False,False,False,Monitoring,No alert under current rule.,6,0
smoke.mp4,72,3.0,3.003,0.0418701171875,"[[958.1, 60.0, 2385.0, 1668.7, 0.0419]]","[1844, 1138, 2185, 1532]",0.059,144.2,True,,True,True,False,False,Candidate,1 of 7 samples qualify; waiting for complete window,7,1
smoke.mp4,84,3.5,3.503,0.045135498046875,"[[952.0, 61.9, 2389.2, 1665.0, 0.0451]]","[1842, 1133, 2186, 1530]",0.059,203.9,True,,True,False,False,False,Candidate,2 of 8 samples qualify; waiting for complete window,8,2
smoke.mp4,96,4.0,4.004,0.040191650390625,"[[937.5, 59.5, 2467.5, 1665.5, 0.0402]]","[1841, 1132, 2197, 1529]",0.058,146.3,True,,True,False,False,False,Candidate,3 of 9 samples qualify; waiting for complete window,9,3
smoke.mp4,108,4.5,4.504,0.0236358642578125,"[[929.5, 61.9, 2426.7, 1665.0, 0.0236]]","[1838, 1134, 2202, 1528]",0.06,144.3,True,,True,False,False,False,Candidate,3 of 10 samples qualify; waiting for complete window,10,3
smoke.mp4,120,5.0,5.005,0.05609130859375,"[[885.0, 67.5, 2366.2, 1672.5, 0.0561]]","[1837, 1135, 2207, 1528]",0.061,150.8,True,,True,False,False,False,Candidate,4 of 10 samples qualify; waiting for 5 qualifying samples,10,4
smoke.mp4,132,5.5,5.505,0.060028076171875,"[[894.4, 63.7, 2377.5, 1672.5, 0.06]]","[1836, 1133, 2211, 1526]",0.062,180.1,True,,True,False,True,True,Review alert,"Possible smoke requires review: 5 of 10 samples >= 0.03 in (0.5s, 5.5s]",10,5
smoke.mp4,144,6.0,6.006,0.0,[],"[1834, 1130, 2215, 1523]",0.0,148.8,True,,True,False,True,False,Review alert,"Possible smoke requires review: 5 of 10 samples >= 0.03 in (0.5s, 5.5s]",10,5
smoke.mp4,156,6.5,6.506,0.0,[],"[1831, 1129, 2215, 1521]",0.0,141.6,True,,True,False,True,False,Review alert,"Possible smoke requires review: 5 of 10 samples >= 0.03 in (0.5s, 5.5s]",10,5
smoke.mp4,168,7.0,7.007,0.0,[],"[1829, 1134, 2217, 1520]",0.0,148.1,True,,True,False,True,False,Review alert,"Possible smoke requires review: 5 of 10 samples >= 0.03 in (0.5s, 5.5s]",10,5
smoke.mp4,180,7.5,7.507,0.039093017578125,"[[1398.8, 1039.2, 2341.9, 1634.5, 0.0391]]","[1828, 1135, 2218, 1520]",0.267,144.7,True,,True,False,True,False,Review alert,"Possible smoke requires review: 5 of 10 samples >= 0.03 in (0.5s, 5.5s]",10,6
smoke.mp4,192,8.0,8.008,0.0418701171875,"[[1006.9, 936.6, 2358.8, 1650.9, 0.0419]]","[1828, 1135, 2219, 1520]",0.156,148.9,True,,True,False,True,False,Review alert,"Possible smoke requires review: 5 of 10 samples >= 0.03 in (0.5s, 5.5s]",10,6
smoke.mp4,204,8.5,8.508,0.039886474609375,"[[971.2, 976.9, 2377.5, 1655.6, 0.0399]]","[1828, 1133, 2223, 1520]",0.16,147.3,True,,True,False,True,False,Review alert,"Possible smoke requires review: 5 of 10 samples >= 0.03 in (0.5s, 5.5s]",10,6
smoke.mp4,216,9.0,9.009,0.0435791015625,"[[967.0, 963.3, 2408.0, 1658.0, 0.0436]]","[1828, 1128, 2225, 1522]",0.156,145.4,True,,True,False,True,False,Review alert,"Possible smoke requires review: 5 of 10 samples >= 0.03 in (0.5s, 5.5s]",10,6
smoke.mp4,228,9.5,9.509,0.02813720703125,"[[948.8, 931.9, 2424.4, 1659.4, 0.0281]]","[1828, 1124, 2224, 1521]",0.146,141.9,True,,True,False,True,False,Review alert,"Possible smoke requires review: 5 of 10 samples >= 0.03 in (0.5s, 5.5s]",10,6
smoke.mp4,240,10.0,10.01,0.0,[],"[1828, 1118, 2226, 1522]",0.0,143.8,True,,True,False,True,False,Review alert,"Possible smoke requires review: 5 of 10 samples >= 0.03 in (0.5s, 5.5s]",10,5
smoke.mp4,252,10.5,10.51,0.004619598388671875,"[[930.0, 771.6, 2463.8, 1658.4, 0.0046]]","[1830, 1111, 2225, 1521]",0.119,140.2,True,,True,False,True,False,Review alert,"Possible smoke requires review: 5 of 10 samples >= 0.03 in (0.5s, 5.5s]",10,4
smoke.mp4,264,11.0,11.011,0.00624847412109375,"[[1211.2, 309.4, 2595.0, 1665.0, 0.0062]]","[1833, 1105, 2226, 1520]",0.087,151.8,True,,True,False,True,False,Review alert,"Possible smoke requires review: 5 of 10 samples >= 0.03 in (0.5s, 5.5s]",10,4
smoke.mp4,276,11.5,11.511,0.0,[],"[1830, 1100, 2229, 1520]",0.0,140.0,True,,True,False,True,False,Review alert,"Possible smoke requires review: 5 of 10 samples >= 0.03 in (0.5s, 5.5s]",10,4
smoke.mp4,288,12.0,12.012,0.0102996826171875,"[[1036.9, 693.3, 2418.8, 1646.7, 0.0103]]","[1837, 1096, 2232, 1522]",0.128,227.2,True,,True,False,True,False,Review alert,"Possible smoke requires review: 5 of 10 samples >= 0.03 in (0.5s, 5.5s]",10,4
smoke.mp4,300,12.5,12.512,0.0,[],"[1838, 1088, 2234, 1523]",0.0,141.7,True,,True,False,True,False,Review alert,"Possible smoke requires review: 5 of 10 samples >= 0.03 in (0.5s, 5.5s]",10,3
smoke.mp4,312,13.0,13.013,0.0,[],"[1841, 1082, 2237, 1523]",0.0,137.1,True,,True,False,True,False,Review alert,"Possible smoke requires review: 5 of 10 samples >= 0.03 in (0.5s, 5.5s]",10,2
smoke.mp4,324,13.5,13.513,0.0,[],"[1846, 1075, 2240, 1523]",0.0,153.9,True,,True,False,True,False,Review alert,"Possible smoke requires review: 5 of 10 samples >= 0.03 in (0.5s, 5.5s]",10,1
smoke.mp4,336,14.0,14.014,0.0,[],"[1851, 1069, 2246, 1525]",0.0,161.1,True,,True,False,True,False,Review alert,"Possible smoke requires review: 5 of 10 samples >= 0.03 in (0.5s, 5.5s]",10,0
smoke.mp4,348,14.5,14.514,0.0,[],"[1849, 1062, 2251, 1524]",0.0,187.1,True,,True,False,True,False,Review alert,"Possible smoke requires review: 5 of 10 samples >= 0.03 in (0.5s, 5.5s]",10,0
smoke.mp4,360,15.0,15.015,0.0,[],"[1850, 1057, 2253, 1524]",0.0,145.4,True,,True,False,True,False,Review alert,"Possible smoke requires review: 5 of 10 samples >= 0.03 in (0.5s, 5.5s]",10,0
smoke.mp4,372,15.5,15.515,0.0,[],"[1851, 1050, 2258, 1524]",0.0,144.3,True,,True,False,True,False,Review alert,"Possible smoke requires review: 5 of 10 samples >= 0.03 in (0.5s, 5.5s]",10,0
smoke.mp4,384,16.0,16.016,0.0,[],"[1849, 1045, 2263, 1524]",0.0,144.8,True,,True,False,True,False,Review alert,"Possible smoke requires review: 5 of 10 samples >= 0.03 in (0.5s, 5.5s]",10,0
smoke.mp4,396,16.5,16.516,0.0,[],"[1848, 1038, 2267, 1524]",0.0,142.0,True,,True,False,True,False,Review alert,"Possible smoke requires review: 5 of 10 samples >= 0.03 in (0.5s, 5.5s]",10,0
smoke.mp4,408,17.0,17.017,0.0,[],"[1850, 1029, 2269, 1524]",0.0,139.8,True,,True,False,True,False,Review alert,"Possible smoke requires review: 5 of 10 samples >= 0.03 in (0.5s, 5.5s]",10,0
smoke.mp4,420,17.5,17.517,0.0019989013671875,"[[985.8, 593.0, 2404.2, 1657.0, 0.002]]","[1851, 1020, 2272, 1522]",0.14,140.1,True,,True,False,True,False,Review alert,"Possible smoke requires review: 5 of 10 samples >= 0.03 in (0.5s, 5.5s]",10,0
smoke.mp4,432,18.0,18.018,0.0025959014892578125,"[[991.9, 591.6, 2388.8, 1658.4, 0.0026]]","[1851, 1014, 2274, 1523]",0.144,147.2,True,,True,False,True,False,Review alert,"Possible smoke requires review: 5 of 10 samples >= 0.03 in (0.5s, 5.5s]",10,0
smoke.mp4,444,18.5,18.518,0.0013179779052734375,"[[2889.4, 1492.5, 2956.9, 1552.5, 0.0013]]","[1849, 1007, 2273, 1523]",0.0,141.3,True,,True,False,True,False,Review alert,"Possible smoke requires review: 5 of 10 samples >= 0.03 in (0.5s, 5.5s]",10,0
smoke.mp4,456,19.0,19.019,0.0,[],"[1848, 1003, 2272, 1523]",0.0,138.0,True,,True,False,True,False,Review alert,"Possible smoke requires review: 5 of 10 samples >= 0.03 in (0.5s, 5.5s]",10,0
smoke.mp4,468,19.5,19.519,0.0,[],"[1846, 999, 2274, 1523]",0.0,139.6,True,,True,False,True,False,Review alert,"Possible smoke requires review: 5 of 10 samples >= 0.03 in (0.5s, 5.5s]",10,0
smoke.mp4,480,20.0,20.02,0.0,[],"[1847, 991, 2277, 1523]",0.0,134.6,True,,True,False,True,False,Review alert,"Possible smoke requires review: 5 of 10 samples >= 0.03 in (0.5s, 5.5s]",10,0
